family,scenario,selector,N,selected_score,selected_real_utility,selected_true_target_error,selected_edge_violation,selected_hidden_energy,selected_action_norm,oracle_regret,selected_score_sem,selected_real_utility_sem,selected_true_target_error_sem,selected_edge_violation_sem,selected_hidden_energy_sem,selected_action_norm_sem,oracle_regret_sem
controlled_graph_physics,aligned,combined_repair,1,-0.14999665719460545,-0.13954589154979874,0.1323914483509155,0.003278984856312025,0.0,0.147329013819407,0.0,0.004169218178933861,0.0041431202843086835,0.004139063593732517,0.00046653115476565744,0.0,0.0025176940303110974,0.0
controlled_graph_physics,aligned,combined_repair,2,-0.13318536920337237,-0.12471579896535674,0.11764811261983804,0.0026968543104120275,0.0,0.147470881241173,0.0,0.0066354228654244805,0.006219872532706991,0.006255077456533362,0.0007584517538414047,0.0,0.003140020785253619,0.0
controlled_graph_physics,aligned,combined_repair,4,-0.12573086048415116,-0.11830175360200257,0.11142702542520158,0.002358144586078621,0.0,0.14438722317840905,5.3015816484806855e-05,0.0031694903786094104,0.0031474442879858614,0.00334518626513911,0.0007286677321576521,0.0,0.004259292913730387,5.3015816484806855e-05
controlled_graph_physics,aligned,combined_repair,8,-0.12297516624171054,-0.1153941128428503,0.108363415314772,0.001999980625063124,0.0,0.14912668062373755,0.0001664908330218113,0.002091928537755054,0.002254786981054356,0.0022815279656425583,0.0004774458061989998,0.0,0.0034860663647202483,0.0001664908330218113
controlled_graph_physics,aligned,combined_repair,16,-0.12145140456513158,-0.11384811192285293,0.10680334076725535,0.002653761142231789,0.0,0.147114874952011,4.4331291355897626e-05,0.0022532512416013153,0.0021566096562943993,0.0022615449824161184,0.00044983216769340023,0.0,0.002732656235780502,4.4331291355897626e-05
controlled_graph_physics,aligned,combined_repair,32,-0.11538152475456147,-0.1085043021482488,0.10147727079875343,0.002290708986070641,0.0,0.1480115091494234,5.800627351332417e-05,0.0038555251935124477,0.0036570372938032414,0.0036796611724857083,0.0004059802527852135,0.0,0.003681565325398643,5.800627351332417e-05
controlled_graph_physics,aligned,combined_repair,64,-0.10957182183828897,-0.10246566766506068,0.09563307085424956,0.0032439373098043112,0.0,0.14030148536094297,0.0,0.0031060521549615937,0.0029542143577743363,0.0030054665221181795,0.0007266300325532441,0.0,0.0027664705915702798,0.0
controlled_graph_physics,aligned,constraint_probe,1,-0.14307129232623478,-0.13954589154979874,0.1323914483509155,0.003278984856312025,0.0,0.147329013819407,0.0,0.004170500535162527,0.0041431202843086835,0.004139063593732517,0.00046653115476565744,0.0,0.0025176940303110974,0.0
controlled_graph_physics,aligned,constraint_probe,2,-0.1263406256484229,-0.12471579896535674,0.11764811261983804,0.0026968543104120275,0.0,0.147470881241173,0.0,0.006688265302585797,0.006219872532706991,0.006255077456533362,0.0007584517538414047,0.0,0.003140020785253619,0.0
controlled_graph_physics,aligned,constraint_probe,4,-0.11906273662178787,-0.11824873778551775,0.11119414219178511,0.002556523712303775,0.0,0.1476789288836453,0.0,0.0033316527192457463,0.0031009147188656738,0.003142674446442716,0.0007024583711530748,0.0,0.002967846414456342,0.0
controlled_graph_physics,aligned,constraint_probe,8,-0.11609621322788788,-0.11522762200982849,0.10806068502370808,0.0021893081351179178,0.0,0.15148105965558975,0.0,0.0020712872831777896,0.0021589717039461396,0.002108690645249064,0.0006180400824710534,0.0,0.00266482352759067,0.0
controlled_graph_physics,aligned,constraint_probe,16,-0.1146472418825155,-0.11384811192285293,0.10680334076725535,0.002653761142231789,0.0,0.147114874952011,4.4331291355897626e-05,0.0023563598578010846,0.0021566096562943993,0.0022615449824161184,0.00044983216769340023,0.0,0.002732656235780502,4.4331291355897626e-05
controlled_graph_physics,aligned,constraint_probe,32,-0.10854763902495461,-0.1085043021482488,0.10147727079875343,0.002290708986070641,0.0,0.1480115091494234,5.800627351332417e-05,0.0038782165901229183,0.0036570372938032414,0.0036796611724857083,0.0004059802527852135,0.0,0.003681565325398643,5.800627351332417e-05
controlled_graph_physics,aligned,constraint_probe,64,-0.10295117242103562,-0.10246566766506068,0.09563307085424956,0.0032439373098043112,0.0,0.14030148536094297,0.0,0.0031375311095586302,0.0029542143577743363,0.0030054665221181795,0.0007266300325532441,0.0,0.0027664705915702798,0.0
controlled_graph_physics,aligned,graph_energy_calibrated,1,-0.1397492059243732,-0.13954589154979874,0.1323914483509155,0.003278984856312025,0.0,0.147329013819407,0.0,0.004168061099428812,0.0041431202843086835,0.004139063593732517,0.00046653115476565744,0.0,0.0025176940303110974,0.0
controlled_graph_physics,aligned,graph_energy_calibrated,2,-0.12289828271699366,-0.12471579896535674,0.11764811261983804,0.0026968543104120275,0.0,0.147470881241173,0.0,0.006671287988436261,0.006219872532706991,0.006255077456533362,0.0007584517538414047,0.0,0.003140020785253619,0.0
controlled_graph_physics,aligned,graph_energy_calibrated,4,-0.1155867102843902,-0.11824873778551775,0.11119414219178511,0.002556523712303775,0.0,0.1476789288836453,0.0,0.0033337967772865238,0.0031009147188656738,0.003142674446442716,0.0007024583711530748,0.0,0.002967846414456342,0.0
controlled_graph_physics,aligned,graph_energy_calibrated,8,-0.11244408624421054,-0.11522762200982849,0.10806068502370808,0.0021893081351179178,0.0,0.15148105965558975,0.0,0.0021116560858833425,0.0021589717039461396,0.002108690645249064,0.0006180400824710534,0.0,0.00266482352759067,0.0
controlled_graph_physics,aligned,graph_energy_calibrated,16,-0.11120589248725757,-0.11384811192285293,0.10680334076725535,0.002653761142231789,0.0,0.147114874952011,4.4331291355897626e-05,0.0023434392642878612,0.0021566096562943993,0.0022615449824161184,0.00044983216769340023,0.0,0.002732656235780502,4.4331291355897626e-05
controlled_graph_physics,aligned,graph_energy_calibrated,32,-0.10500947007513431,-0.1085043021482488,0.10147727079875343,0.002290708986070641,0.0,0.1480115091494234,5.800627351332417e-05,0.0037877694637344726,0.0036570372938032414,0.0036796611724857083,0.0004059802527852135,0.0,0.003681565325398643,5.800627351332417e-05
controlled_graph_physics,aligned,graph_energy_calibrated,64,-0.09981181977825102,-0.10246566766506068,0.09563307085424956,0.0032439373098043112,0.0,0.14030148536094297,0.0,0.0031553877244723033,0.0029542143577743363,0.0030054665221181795,0.0007266300325532441,0.0,0.0027664705915702798,0.0
controlled_graph_physics,aligned,oracle,1,-0.13954589154979874,-0.13954589154979874,0.1323914483509155,0.003278984856312025,0.0,0.147329013819407,0.0,0.0041431202843086835,0.0041431202843086835,0.004139063593732517,0.00046653115476565744,0.0,0.0025176940303110974,0.0
controlled_graph_physics,aligned,oracle,2,-0.12471579896535674,-0.12471579896535674,0.11764811261983804,0.0026968543104120275,0.0,0.147470881241173,0.0,0.006219872532706991,0.006219872532706991,0.006255077456533362,0.0007584517538414047,0.0,0.003140020785253619,0.0
controlled_graph_physics,aligned,oracle,4,-0.11824873778551775,-0.11824873778551775,0.11119414219178511,0.002556523712303775,0.0,0.1476789288836453,0.0,0.0031009147188656738,0.0031009147188656738,0.003142674446442716,0.0007024583711530748,0.0,0.002967846414456342,0.0
controlled_graph_physics,aligned,oracle,8,-0.11522762200982849,-0.11522762200982849,0.10806068502370808,0.0021893081351179178,0.0,0.15148105965558975,0.0,0.0021589717039461396,0.0021589717039461396,0.002108690645249064,0.0006180400824710534,0.0,0.00266482352759067,0.0
controlled_graph_physics,aligned,oracle,16,-0.11380378063149704,-0.11380378063149704,0.10687475221897422,0.0025553645690187545,0.0,0.14489266847732932,0.0,0.002176068185978571,0.002176068185978571,0.0022295169446679484,0.0004188291073394383,0.0,0.002018771501358243,0.0
controlled_graph_physics,aligned,oracle,32,-0.10844629587473548,-0.10844629587473548,0.10131964799747478,0.002233761159983921,0.0,0.15042769092585012,0.0,0.003669957556927108,0.003669957556927108,0.0037151154488849186,0.00037867449464655675,0.0,0.0034644996939370296,0.0
controlled_graph_physics,aligned,oracle,64,-0.10246566766506068,-0.10246566766506068,0.09563307085424956,0.0032439373098043112,0.0,0.14030148536094297,0.0,0.0029542143577743363,0.0029542143577743363,0.0030054665221181795,0.0007266300325532441,0.0,0.0027664705915702798,0.0
controlled_graph_physics,aligned,random,1,-0.13107116129087804,-0.13954589154979874,0.1323914483509155,0.003278984856312025,0.0,0.147329013819407,0.0,0.004174536886459509,0.0041431202843086835,0.004139063593732517,0.00046653115476565744,0.0,0.0025176940303110974,0.0
controlled_graph_physics,aligned,random,2,-0.11863063132122842,-0.12906837562019693,0.12197435456792191,0.0025073388899429666,0.0,0.14872992955298128,0.004352576654840205,0.00751305884823794,0.0070852843499022424,0.007084850730592927,0.0006400800003025243,0.0,0.0026859962490036774,0.002147895828525741
controlled_graph_physics,aligned,random,4,-0.12716175845242958,-0.1358722505851408,0.12886798414353257,0.0035370581069141278,0.0,0.14307415876671079,0.017623512799623056,0.004295120831356435,0.004092215232673428,0.004118435112585885,0.0009468089682090821,0.0,0.004070117394063031,0.004890870572935862
controlled_graph_physics,aligned,random,8,-0.12038576275018004,-0.13158265839904573,0.1244312974549821,0.002114123100477033,0.0,0.1514022499552733,0.01635503638921724,0.0052211030214664575,0.004796635019188508,0.0048115916220318935,0.0004111374472376818,0.0,0.0028522578273677012,0.004221039583390043
controlled_graph_physics,aligned,random,16,-0.12295679342268617,-0.13252782142037747,0.12578765160505753,0.002304265675054383,0.0,0.14158860682913862,0.018724040788880434,0.004309379842840897,0.004159309006975412,0.004183751351103366,0.0005623076292671334,0.0,0.004958243749363939,0.004114868621922596
controlled_graph_physics,aligned,random,32,-0.12910079593975313,-0.138157218891051,0.13081053867234263,0.0026671454356261702,0.0,0.15377637664462668,0.02971092301631554,0.0049068193835341695,0.004754323864358878,0.004660670283184189,0.00041197938836001166,0.0,0.002695283313020896,0.00514520838250242
controlled_graph_physics,aligned,random,64,-0.12846174136475036,-0.13691518002088376,0.12956134837129982,0.004409879181475536,0.0,0.14773891067884143,0.03444951235582308,0.004347792702966074,0.004274933443909469,0.004243635217790711,0.0009354362648576035,0.0,0.0028477988774696194,0.004314655302695684
controlled_graph_physics,aligned,raw,1,-0.13107116129087804,-0.13954589154979874,0.1323914483509155,0.003278984856312025,0.0,0.147329013819407,0.0,0.004174536886459509,0.0041431202843086835,0.004139063593732517,0.00046653115476565744,0.0,0.0025176940303110974,0.0
controlled_graph_physics,aligned,raw,2,-0.1144459969307702,-0.12471579896535674,0.11764811261983804,0.0026968543104120275,0.0,0.147470881241173,0.0,0.006743574723333165,0.006219872532706991,0.006255077456533362,0.0007584517538414047,0.0,0.003140020785253619,0.0
controlled_graph_physics,aligned,raw,4,-0.10717845147446986,-0.11831062467403916,0.1112385881646522,0.002604099089868764,0.0,0.14789734788906603,6.18868885214098e-05,0.0033708684244323195,0.0031552500096959034,0.0031810030444889463,0.0007043818133391979,0.0,0.0029925698535790833,6.18868885214098e-05
controlled_graph_physics,aligned,raw,8,-0.10396620548208561,-0.1159562575594959,0.10860889271311547,0.0023275310785989306,0.0,0.15499910830676902,0.000728635549667421,0.0020509713310580924,0.0018813615099853218,0.0018919307609383382,0.0006807945649438356,0.0,0.0017450693160051653,0.000728635549667421
controlled_graph_physics,aligned,raw,16,-0.1027886442827643,-0.11384811192285293,0.10680334076725535,0.002653761142231789,0.0,0.147114874952011,4.4331291355897626e-05,0.0025269384606137445,0.0021566096562943993,0.0022615449824161184,0.00044983216769340023,0.0,0.002732656235780502,4.4331291355897626e-05
controlled_graph_physics,aligned,raw,32,-0.0966366674594499,-0.10844629587473548,0.10131964799747478,0.002233761159983921,0.0,0.15042769092585012,0.0,0.003897519824190776,0.003669957556927108,0.0037151154488849186,0.00037867449464655675,0.0,0.0034644996939370296,0.0
controlled_graph_physics,aligned,raw,64,-0.09149917058628214,-0.10246566766506068,0.09563307085424956,0.0032439373098043112,0.0,0.14030148536094297,0.0,0.003210827726416618,0.0029542143577743363,0.0030054665221181795,0.0007266300325532441,0.0,0.0027664705915702798,0.0
controlled_graph_physics,edge_shortcut,combined_repair,1,-0.46259186085001425,-0.5240439668473755,0.22924391442829165,0.6296723127138965,0.461354955419578,0.31386777269389005,0.0,0.10665906056045849,0.10487299191309854,0.009389882199558183,0.2325516945085726,0.1685597426737432,0.04355529133818904,0.0
controlled_graph_physics,edge_shortcut,combined_repair,2,-0.7218952028086084,-0.7840047170806346,0.2445994112142394,1.1659595971942132,0.8602209168098864,0.3859025057658953,0.0,0.1993812745621466,0.1997964535123289,0.02647711364823616,0.3975978216644752,0.2863071983266417,0.05020358141659144,0.0
controlled_graph_physics,edge_shortcut,combined_repair,4,-0.25825344997602256,-0.32440553533031213,0.24339011837711985,0.15137546890075496,0.12099597236178707,0.21348694906610036,0.00019056066332812788,0.009390728181365474,0.01191996628435909,0.010758776753075804,0.04408413155733299,0.03535950080055748,0.01693662484268013,0.0001905606633281279
controlled_graph_physics,edge_shortcut,combined_repair,8,-0.25636229802567106,-0.32699048331434233,0.22255132945398748,0.20073174229087,0.1584218636646817,0.23416773921310624,0.0034345899015561163,0.008446647682039773,0.01017040304975334,0.008538396312022342,0.03349338870944486,0.025936712419732548,0.0077150014454243345,0.0025311879689157595
controlled_graph_physics,edge_shortcut,combined_repair,16,-0.22834125332044033,-0.2888760716782027,0.24305451501365827,0.07993972594604637,0.06287109720772158,0.18914383560368,0.002019231334892034,0.005709143733503761,0.0041992429344811346,0.00899919959678553,0.019723087228785467,0.015142487615706537,0.010949914738246773,0.0018178718948263317
controlled_graph_physics,edge_shortcut,combined_repair,32,-0.2145976515500745,-0.28211717220546806,0.2106810387745185,0.1341725487748123,0.1035539621862107,0.2129440083190539,0.002297940632323331,0.0068548615496673935,0.0063935414087039994,0.012411520625978566,0.02635964780082501,0.018743748322322236,0.009558792294769124,0.0012126129526286668
controlled_graph_physics,edge_shortcut,combined_repair,64,-0.2049766560200269,-0.2808193774090006,0.20486569335214966,0.14898689055574219,0.10848810411043353,0.217898243663625,0.008067185648803571,0.0049850688791132905,0.006266396897323727,0.014999225575908357,0.04129431955685461,0.028193581877834602,0.014691714644278547,0.003660407871667362
controlled_graph_physics,edge_shortcut,constraint_probe,1,-0.3463763264940698,-0.5240439668473755,0.22924391442829165,0.6296723127138965,0.461354955419578,0.31386777269389005,0.0,0.06978269017671035,0.10487299191309854,0.009389882199558183,0.2325516945085726,0.1685597426737432,0.04355529133818904,0.0
controlled_graph_physics,edge_shortcut,constraint_probe,2,-0.5197026118722385,-0.7840047170806346,0.2445994112142394,1.1659595971942132,0.8602209168098864,0.3859025057658953,0.0,0.13361057670615528,0.1997964535123289,0.02647711364823616,0.3975978216644752,0.2863071983266417,0.05020358141659144,0.0
controlled_graph_physics,edge_shortcut,constraint_probe,4,-0.21526677144260045,-0.3262743567190838,0.23248798090372863,0.17779925364812493,0.142010927460117,0.22120518938243397,0.0020593820520997883,0.007425769824318219,0.011159697248537602,0.013215566776447394,0.04274848967058289,0.03413128479960329,0.015493842199934422,0.0020593820520997883
controlled_graph_physics,edge_shortcut,constraint_probe,8,-0.20867002998305278,-0.32699048331434233,0.22255132945398748,0.20073174229087,0.1584218636646817,0.23416773921310624,0.0034345899015561163,0.006508603829613523,0.01017040304975334,0.008538396312022342,0.03349338870944486,0.025936712419732548,0.0077150014454243345,0.0025311879689157595
controlled_graph_physics,edge_shortcut,constraint_probe,16,-0.18789239486750556,-0.3142254071660011,0.2048625164434758,0.2136045924444355,0.16475313950016107,0.24294292280784097,0.02736856682269046,0.0058446327813878925,0.011120424649648748,0.011107179299240039,0.044311190578902274,0.03458158187911212,0.016338565704029202,0.010359251346513021
controlled_graph_physics,edge_shortcut,constraint_probe,32,-0.17460738718852237,-0.2908832887665659,0.20044575095377962,0.17578665546753533,0.1335449527045225,0.22731425296037386,0.01106405719342115,0.009863875529206636,0.01078199872117769,0.012150033986288156,0.03313458581273387,0.02436500755624801,0.01297365793461742,0.006154996616145629
controlled_graph_physics,edge_shortcut,constraint_probe,64,-0.15262004894731204,-0.2851049733308938,0.17957793622549353,0.21354129913615527,0.15505613148664787,0.24196751030717248,0.01235278157069676,0.009696587089984245,0.005690151045776472,0.013758906342516686,0.03619738501406555,0.024091440879714543,0.01122767073603977,0.003303321022622389
controlled_graph_physics,edge_shortcut,graph_energy_calibrated,1,-0.2645666732225452,-0.5240439668473755,0.22924391442829165,0.6296723127138965,0.461354955419578,0.31386777269389005,0.0,0.04281526523769676,0.10487299191309854,0.009389882199558183,0.2325516945085726,0.1685597426737432,0.04355529133818904,0.0
controlled_graph_physics,edge_shortcut,graph_energy_calibrated,2,-0.3733418727706362,-0.7840047170806346,0.2445994112142394,1.1659595971942132,0.8602209168098864,0.3859025057658953,0.0,0.0905528897698389,0.1997964535123289,0.02647711364823616,0.3975978216644752,0.2863071983266417,0.05020358141659144,0.0
controlled_graph_physics,edge_shortcut,graph_energy_calibrated,4,-0.1837182089749025,-0.33988015279047734,0.2276891504909315,0.21743499402886804,0.17176759992450008,0.23137865076382147,0.015665178123493377,0.01020691678622883,0.017920496388275704,0.01394945536390088,0.05875847541402969,0.04515483380162899,0.019319704156693332,0.013466742758907451
controlled_graph_physics,edge_shortcut,graph_energy_calibrated,8,-0.16709031704323193,-0.3577369976945992,0.20426015829884375,0.3021202977917438,0.2391131215874176,0.26407720733296797,0.03418110428181298,0.006229299838547348,0.012306744967531319,0.00698832817620322,0.03338510864311336,0.02654056652949076,0.008907624820973658,0.012858928001780094
controlled_graph_physics,edge_shortcut,graph_energy_calibrated,16,-0.1515700585227604,-0.3339631803945735,0.19435216742087838,0.2764257091966177,0.2149279667996445,0.25691094334166575,0.047106340051262865,0.009721951622953829,0.016879204699624156,0.011121028670952967,0.055457371660010156,0.04204092065390475,0.017471556503308765,0.018857190782122658
controlled_graph_physics,edge_shortcut,graph_energy_calibrated,32,-0.13345372197385702,-0.3450000308005656,0.17677320649696984,0.3413263097307937,0.25900513304557354,0.280058063531002,0.06518079922742087,0.008742029833286811,0.0185012443674036,0.00690951417574402,0.03417947010610151,0.026797952793196755,0.009147897136512371,0.01800166644686752
controlled_graph_physics,edge_shortcut,graph_energy_calibrated,64,-0.1153340230940688,-0.3076444976794065,0.1652241309367117,0.2915500056256648,0.21489387357507167,0.26586122551801017,0.03489230591920943,0.01070936241275277,0.012040853084701143,0.010558454922008631,0.03375059390279383,0.022776527702543424,0.009679163714932323,0.012022701598405582
controlled_graph_physics,edge_shortcut,oracle,1,-0.5240439668473755,-0.5240439668473755,0.22924391442829165,0.6296723127138965,0.461354955419578,0.31386777269389005,0.0,0.10487299191309854,0.10487299191309854,0.009389882199558183,0.2325516945085726,0.1685597426737432,0.04355529133818904,0.0
controlled_graph_physics,edge_shortcut,oracle,2,-0.7840047170806346,-0.7840047170806346,0.2445994112142394,1.1659595971942132,0.8602209168098864,0.3859025057658953,0.0,0.1997964535123289,0.1997964535123289,0.02647711364823616,0.3975978216644752,0.2863071983266417,0.05020358141659144,0.0
controlled_graph_physics,edge_shortcut,oracle,4,-0.324214974666984,-0.324214974666984,0.2417453116915151,0.15374587424197753,0.1234819967635937,0.21582987464335424,0.0,0.011966414544979535,0.011966414544979535,0.009775132765697305,0.04308708908718591,0.03430824094495362,0.015748255367259933,0.0
controlled_graph_physics,edge_shortcut,oracle,8,-0.32355589341278623,-0.32355589341278623,0.2240894412475523,0.1886787286100615,0.15133525821572055,0.2279356640776231,0.0,0.010952135033666138,0.010952135033666138,0.008704683390550179,0.03661879338692817,0.02758192094032893,0.010088680074076392,0.0
controlled_graph_physics,edge_shortcut,oracle,16,-0.28685684034331066,-0.28685684034331066,0.24853432548726134,0.06429161977849078,0.05138851275009946,0.17765190486560023,0.0,0.004552788986251079,0.004552788986251079,0.006778691939366338,0.011572860287433404,0.008225530342006302,0.006841528077673839,0.0
controlled_graph_physics,edge_shortcut,oracle,32,-0.2798192315731447,-0.2798192315731447,0.22060553164515762,0.10789424009395607,0.08418830412365683,0.20260406454951033,0.0,0.0062258452451500485,0.0062258452451500485,0.011139879075399156,0.01626254211640984,0.012932778395381133,0.006044967072318308,0.0
controlled_graph_physics,edge_shortcut,oracle,64,-0.27275219176019705,-0.27275219176019705,0.223869276581962,0.0899908882119161,0.06639602789276439,0.19088715969222966,0.0,0.003176395284067586,0.003176395284067586,0.01431605686079561,0.03225304269492985,0.02069578107522476,0.012509487240991777,0.0
controlled_graph_physics,edge_shortcut,random,1,-0.1815463416701233,-0.5240439668473755,0.22924391442829165,0.6296723127138965,0.461354955419578,0.31386777269389005,0.0,0.017389271364334515,0.10487299191309854,0.009389882199558183,0.2325516945085726,0.1685597426737432,0.04355529133818904,0.0
controlled_graph_physics,edge_shortcut,random,2,-0.2983827376310864,-1.1431800205036675,0.28499653832093585,1.8726807375020154,1.3803593521367956,0.4492092633124195,0.35917530342303294,0.06824483130534661,0.333929843337231,0.03825619345388974,0.666905367705128,0.4836073704134581,0.07203181328454662,0.21764765142536574
controlled_graph_physics,edge_shortcut,random,4,-0.35139894834900287,-1.4355540447445367,0.2994141424109137,2.5001939713913726,1.826560245274314,0.5277860278671315,1.1113390700775527,0.07749357746833534,0.36472164998558837,0.04658702159972675,0.7231180761346379,0.5144959897750958,0.059331429327839295,0.369096751462028
controlled_graph_physics,edge_shortcut,random,8,-0.5006396393058261,-2.774088841827074,0.3900694567831338,5.245221076746958,3.8850302204818323,0.6582717061447141,2.450532948414288,0.16844025220252215,1.3026422820746684,0.10135150748326417,2.6602642824310134,1.9742298777665908,0.1594826727783577,1.30118188836635
controlled_graph_physics,edge_shortcut,random,16,-0.4372239637671877,-1.9858306689451324,0.35319058015316196,3.6057836814182864,2.6390459268940014,0.588595295030751,1.6989738286018217,0.11312918554834525,0.6134563050185473,0.06996908212563363,1.2285182598069593,0.8834278834081616,0.08748179210084181,0.6119065394213321
controlled_graph_physics,edge_shortcut,random,32,-0.22955591746375142,-0.8404239011614192,0.2561413941239145,1.26587474000582,0.9363943728761834,0.3677498492191537,0.5606046695882745,0.06816155287316963,0.3527284309908181,0.03897207542776917,0.6979798394603006,0.5228488034178407,0.07535309304355663,0.35309222833250514
controlled_graph_physics,edge_shortcut,random,64,-0.4858114297821744,-2.1713778355845776,0.3903094715785548,3.9292892986367827,2.88716431080774,0.5863998890915312,1.8986256438243807,0.10569855947559635,0.6059757853579926,0.052345632566016424,1.240435016382265,0.9009050741668155,0.10456513088328993,0.6056991815422936
controlled_graph_physics,edge_shortcut,raw,1,-0.1815463416701233,-0.5240439668473755,0.22924391442829165,0.6296723127138965,0.461354955419578,0.31386777269389005,0.0,0.017389271364334515,0.10487299191309854,0.009389882199558183,0.2325516945085726,0.1685597426737432,0.04355529133818904,0.0
controlled_graph_physics,edge_shortcut,raw,2,-0.23175127532861073,-0.7840047170806346,0.2445994112142394,1.1659595971942132,0.8602209168098864,0.3859025057658953,0.0,0.04501579636463642,0.1997964535123289,0.02647711364823616,0.3975978216644752,0.2863071983266417,0.05020358141659144,0.0
controlled_graph_physics,edge_shortcut,raw,4,-0.14861290734295202,-0.36155765281822455,0.21621487481031845,0.2887922213203457,0.22526465817222077,0.2507290202107708,0.03734267815124057,0.014799882943839658,0.024605238879179,0.015146510242290464,0.07761834733196074,0.05838162758585537,0.023337379343030665,0.023542382381870897
controlled_graph_physics,edge_shortcut,raw,8,-0.11867265006090807,-0.41644644373847167,0.18175452065977213,0.4819668641848132,0.36815641168055485,0.3110272056380672,0.09289055032568548,0.005935237531617118,0.02079438146012242,0.006727596378918398,0.0537476623803464,0.03818951668815751,0.014335626747467576,0.022080745993403136
controlled_graph_physics,edge_shortcut,raw,16,-0.10368236403482217,-0.38981681179214556,0.19047121607968243,0.40705734072596056,0.31015659264432605,0.294563334778272,0.1029599714488349,0.010673475771071401,0.02434081410489016,0.009085701852481549,0.04748643954596483,0.03575751350643209,0.010060624035188823,0.026940916126234612
controlled_graph_physics,edge_shortcut,raw,32,-0.079841079772087,-0.366478324562436,0.16636641971277627,0.41980227157045563,0.30662301362878003,0.2969014685147256,0.08665909298929131,0.00546256729936337,0.0234939823641174,0.0047435517963758415,0.05450329092485908,0.03761799165174235,0.012036195887570147,0.023526464388279256
controlled_graph_physics,edge_shortcut,raw,64,-0.06479622050187459,-0.3573217559872031,0.16133703194610552,0.4079663958308012,0.30105436560400695,0.29553106939126034,0.0845695642270061,0.01251901864999187,0.022183554602808568,0.008071201100254626,0.028975362153013842,0.025723205940239004,0.006884833741350416,0.022981808939240764
controlled_graph_physics,hidden_constraint,combined_repair,1,-1.1994379245057596,-1.3162588964477666,0.30142795360367325,2.176938529672891,1.655324504607488,0.46542713998912,0.0,0.4768806364810866,0.49055390826530376,0.041269699725960576,0.9957103324641771,0.7359709074999992,0.08600423706997258,0.0
controlled_graph_physics,hidden_constraint,combined_repair,2,-0.42384390844388625,-0.5219387162682682,0.26682371058820437,0.515761731639937,0.41089412893465305,0.27432040740353647,0.0,0.11490442537017442,0.12065587739495517,0.014726235981800069,0.2507136922541938,0.1946170813462774,0.04507612202338535,0.0
controlled_graph_physics,hidden_constraint,combined_repair,4,-0.3928306525491217,-0.5025328746896515,0.2369473166388247,0.53018222401902,0.42863613713919146,0.30196241607775304,0.0,0.07888785506507986,0.07869841529264394,0.008365661308435135,0.1705693418333834,0.12502875747176925,0.032257530448849894,0.0
controlled_graph_physics,hidden_constraint,combined_repair,8,-0.2946033778021233,-0.3867568492966752,0.26013106625272925,0.24081570130751212,0.19987155317339678,0.2254525577137603,0.0,0.028527997693254953,0.03192380820416213,0.011925535268560637,0.08291818010739777,0.06706393447351215,0.02276679879420321,0.0
controlled_graph_physics,hidden_constraint,combined_repair,16,-0.2399640441198606,-0.33876624909630193,0.26823181637185695,0.12796762684807236,0.10501768878330914,0.2022825289613968,0.004752474418303308,0.008459746822770701,0.006959086277526686,0.0094118476239591,0.014654757838470924,0.013060104591929887,0.009181865189903023,0.0025621339053136126
controlled_graph_physics,hidden_constraint,combined_repair,32,-0.23809171387709704,-0.334353942075363,0.26378940217249425,0.12555483779576107,0.10564684620757075,0.20607768521321007,0.0040013092216330814,0.0033954211952631256,0.0029263192432132383,0.007190930081567438,0.016030083335677535,0.01523195306994966,0.007439716430223458,0.0026251151646743166
controlled_graph_physics,hidden_constraint,combined_repair,64,-0.2346739198587883,-0.3244430367906827,0.2595752301619781,0.11402252044807852,0.09724194655024918,0.19332987116477474,0.0020208178621683587,0.004469547537285725,0.00414968410281869,0.007430987358077715,0.01567811612794569,0.014364966623621201,0.008275395644509596,0.0017119571567263663
controlled_graph_physics,hidden_constraint,constraint_probe,1,-0.8220954690836633,-1.3162588964477666,0.30142795360367325,2.176938529672891,1.655324504607488,0.46542713998912,0.0,0.3086144309063752,0.49055390826530376,0.041269699725960576,0.9957103324641771,0.7359709074999992,0.08600423706997258,0.0
controlled_graph_physics,hidden_constraint,constraint_probe,2,-0.3225268753591486,-0.5219387162682682,0.26682371058820437,0.515761731639937,0.41089412893465305,0.27432040740353647,0.0,0.07573050425147643,0.12065587739495517,0.014726235981800069,0.2507136922541938,0.1946170813462774,0.04507612202338535,0.0
controlled_graph_physics,hidden_constraint,constraint_probe,4,-0.2884755150229658,-0.5025328746896515,0.2369473166388247,0.53018222401902,0.42863613713919146,0.30196241607775304,0.0,0.05273385729185212,0.07869841529264394,0.008365661308435135,0.1705693418333834,0.12502875747176925,0.032257530448849894,0.0
controlled_graph_physics,hidden_constraint,constraint_probe,8,-0.23158281653318763,-0.4065792087849093,0.24345204403183474,0.31332862502974546,0.2608728648586721,0.2500926100762909,0.019822359488234083,0.01896597865075756,0.02924069652503432,0.010164952402251397,0.07299440083358384,0.05887640024218042,0.02046416847263187,0.009908965879579313
controlled_graph_physics,hidden_constraint,constraint_probe,16,-0.18524372666919428,-0.36254123380393033,0.2362581685007839,0.2417695651772845,0.19689759312038954,0.2402194123961992,0.028527459125931666,0.009497961036072963,0.010728226126444947,0.015417918506529248,0.04665203026642151,0.03860678193227579,0.013571965651691253,0.009175872456602436
controlled_graph_physics,hidden_constraint,constraint_probe,32,-0.19194794086890687,-0.3418514667799549,0.2555656999830015,0.15538329241725704,0.13206235041550438,0.2204471855143473,0.011498833926224986,0.0037322081990303806,0.005588111659627523,0.007690316624545744,0.021560948599026797,0.018603438775255554,0.007827435916574537,0.005030745178303505
controlled_graph_physics,hidden_constraint,constraint_probe,64,-0.18563993702274761,-0.36224723049525787,0.24082247543432672,0.23091116499245268,0.18818052885161635,0.2464124980001856,0.03982501156674352,0.005403020867603695,0.007645237361590921,0.007467170451928489,0.025873534044788957,0.02148701612401703,0.008137574153700908,0.007296562983301224
controlled_graph_physics,hidden_constraint,graph_energy_calibrated,1,-0.5436865444400407,-1.3162588964477666,0.30142795360367325,2.176938529672891,1.655324504607488,0.46542713998912,0.0,0.19800376799958325,0.49055390826530376,0.041269699725960576,0.9957103324641771,0.7359709074999992,0.08600423706997258,0.0
controlled_graph_physics,hidden_constraint,graph_energy_calibrated,2,-0.24186662786610555,-0.5219387162682682,0.26682371058820437,0.515761731639937,0.41089412893465305,0.27432040740353647,0.0,0.04365111667594745,0.12065587739495517,0.014726235981800069,0.2507136922541938,0.1946170813462774,0.04507612202338535,0.0
controlled_graph_physics,hidden_constraint,graph_energy_calibrated,4,-0.19828215793975873,-0.5199350126837967,0.2231414298119535,0.6004523030430582,0.47834707450218195,0.31479678509117576,0.017402137994145216,0.033454714889053494,0.07720476841088345,0.00784505025752228,0.16388190467235642,0.1200436694839579,0.0317709636602198,0.012500884692530535
controlled_graph_physics,hidden_constraint,graph_energy_calibrated,8,-0.16557678285768146,-0.44287371775574363,0.2279099115086316,0.41987098151124846,0.34696630030695136,0.2770576019022498,0.05611686845906847,0.0101903618180233,0.03092306819196771,0.007869924971527695,0.07554424336872276,0.06105259983129391,0.019252036433641977,0.023944278939087654
controlled_graph_physics,hidden_constraint,graph_energy_calibrated,16,-0.13504026880070305,-0.42462629658428264,0.20818843789644534,0.42597787194887055,0.34676306429542814,0.2898623133511343,0.090612521906284,0.00973465026213754,0.024569620050722555,0.009088527396177175,0.05904441922614393,0.04981859544176636,0.012622709522399978,0.022914569895884748
controlled_graph_physics,hidden_constraint,graph_energy_calibrated,32,-0.1437450326169657,-0.38959232634395163,0.22653989368103014,0.310532331708104,0.260046454396369,0.2655364972231312,0.059239693490221665,0.0060526381762726865,0.016263566075843033,0.00968181666003497,0.0476479939571099,0.03984403770715192,0.01454864891673026,0.01642022451889632
controlled_graph_physics,hidden_constraint,graph_energy_calibrated,64,-0.1351859151879688,-0.41378181202707703,0.2187849366362264,0.37817886624721664,0.3120990876331142,0.2837691692084763,0.09135959309856267,0.004756859023979488,0.01112915527561063,0.005364336764904956,0.029582728354496674,0.02688995976369427,0.007658482953671289,0.01044357481071574
controlled_graph_physics,hidden_constraint,oracle,1,-1.3162588964477666,-1.3162588964477666,0.30142795360367325,2.176938529672891,1.655324504607488,0.46542713998912,0.0,0.49055390826530376,0.49055390826530376,0.041269699725960576,0.9957103324641771,0.7359709074999992,0.08600423706997258,0.0
controlled_graph_physics,hidden_constraint,oracle,2,-0.5219387162682682,-0.5219387162682682,0.26682371058820437,0.515761731639937,0.41089412893465305,0.27432040740353647,0.0,0.12065587739495517,0.12065587739495517,0.014726235981800069,0.2507136922541938,0.1946170813462774,0.04507612202338535,0.0
controlled_graph_physics,hidden_constraint,oracle,4,-0.5025328746896515,-0.5025328746896515,0.2369473166388247,0.53018222401902,0.42863613713919146,0.30196241607775304,0.0,0.07869841529264394,0.07869841529264394,0.008365661308435135,0.1705693418333834,0.12502875747176925,0.032257530448849894,0.0
controlled_graph_physics,hidden_constraint,oracle,8,-0.3867568492966752,-0.3867568492966752,0.26013106625272925,0.24081570130751212,0.19987155317339678,0.2254525577137603,0.0,0.03192380820416213,0.03192380820416213,0.011925535268560637,0.08291818010739777,0.06706393447351215,0.02276679879420321,0.0
controlled_graph_physics,hidden_constraint,oracle,16,-0.33401377467799864,-0.33401377467799864,0.2722285719862194,0.10943206147295902,0.09159260493356453,0.19011015404479106,0.0,0.005989951689476835,0.005989951689476835,0.011345011876456501,0.01653867434760375,0.015646403133565825,0.010703419401567778,0.0
controlled_graph_physics,hidden_constraint,oracle,32,-0.33035263285372996,-0.33035263285372996,0.27170511993718016,0.10433370955009968,0.08532340050869819,0.19284429311425605,0.0,0.0033359479338892295,0.0033359479338892295,0.008383847795129896,0.019338643710740722,0.018653454993497926,0.011075638213072673,0.0
controlled_graph_physics,hidden_constraint,oracle,64,-0.32242221892851436,-0.32242221892851436,0.27198077441979296,0.0870628587350504,0.07295466907645434,0.17909035936213683,0.0,0.0033535388210865226,0.0033535388210865226,0.00678358988565427,0.011539737589635281,0.012275751375222025,0.0053894842538719494,0.0
controlled_graph_physics,hidden_constraint,random,1,-0.3117695774144237,-1.3162588964477666,0.30142795360367325,2.176938529672891,1.655324504607488,0.46542713998912,0.0,0.09002730705392183,0.49055390826530376,0.041269699725960576,0.9957103324641771,0.7359709074999992,0.08600423706997258,0.0
controlled_graph_physics,hidden_constraint,random,2,-0.4405337342267974,-2.0911844560158714,0.3915863830634983,3.6717349293283497,2.790708480022381,0.5276483789135228,1.5692457397476032,0.13871773901420134,0.8971333899129177,0.07374436331111704,1.8066719701105054,1.360015268013271,0.13041939261173072,0.7880690049426433
controlled_graph_physics,hidden_constraint,random,4,-0.2746674711961106,-1.1017693391223304,0.28535993447701025,1.7323569476643954,1.3303453243357586,0.4532803672904696,0.599236464432679,0.055248669836976017,0.26827104389397405,0.03200680356129918,0.5174613856801142,0.39616815179703674,0.05730726318623141,0.2828719002107282
controlled_graph_physics,hidden_constraint,random,8,-0.29316158365534367,-1.3073445092579281,0.293939656011013,2.162008180924973,1.6592985784117764,0.45237997151837056,0.920587659961253,0.10657507509731663,0.6009540424984097,0.05782315908943042,1.2016622041136378,0.8949901772548458,0.09176683850318952,0.6095803185436213
controlled_graph_physics,hidden_constraint,random,16,-0.25690568956710946,-1.0955973482525565,0.2868427449078401,1.7323109731175559,1.3153765755015276,0.4130662933402576,0.761583573574558,0.09126421108335206,0.4603067138243804,0.04650183368378226,0.9170593470723554,0.6790985494835123,0.08434455858283905,0.46150680001005157
controlled_graph_physics,hidden_constraint,random,32,-0.27697973858983804,-1.0376903028408722,0.30908487749097546,1.5346786213181067,1.1956922947546806,0.37193002188165036,0.7073376699871422,0.07532367443387702,0.39263350348775033,0.04024474854810737,0.7647182304997294,0.5870247560554879,0.08040958668329666,0.3943810234302611
controlled_graph_physics,hidden_constraint,random,64,-0.28682991772718286,-1.1824545770140953,0.28439891026516406,1.899309448427656,1.4697820494771083,0.46558123787631167,0.860032358085581,0.052514493118692725,0.2712943877069384,0.02614564482207097,0.5344896226260976,0.4103594013470287,0.05630296735668454,0.270190934912435
controlled_graph_physics,hidden_constraint,raw,1,-0.3117695774144237,-1.3162588964477666,0.30142795360367325,2.176938529672891,1.655324504607488,0.46542713998912,0.0,0.09002730705392183,0.49055390826530376,0.041269699725960576,0.9957103324641771,0.7359709074999992,0.08600423706997258,0.0
controlled_graph_physics,hidden_constraint,raw,2,-0.1851197487812308,-0.5345173433810665,0.2652268109208373,0.5430278346695321,0.4352195997620294,0.2815652223536135,0.012578627112798384,0.023426470343646342,0.1184681070808059,0.015404882040753583,0.24710646352021134,0.19171568314000995,0.044579452542563666,0.012578627112798384
controlled_graph_physics,hidden_constraint,raw,4,-0.13349149681390912,-0.5222776145486232,0.22272230144882382,0.6065664091670602,0.4827728432764639,0.316072861227751,0.01974473985897171,0.016179579534794524,0.07700146486371828,0.007956564695595919,0.1633705433972551,0.11982564878121392,0.03168560476074593,0.012252036269926285
controlled_graph_physics,hidden_constraint,raw,8,-0.11845873398612222,-0.5009291589170702,0.22077959938646058,0.5531469340197294,0.4555293125843992,0.31088040398971706,0.1141723096203951,0.007010655753725871,0.03680847562195722,0.00618976339124359,0.07927498195893908,0.06586966427828327,0.020672888339772884,0.026525011569150686
controlled_graph_physics,hidden_constraint,raw,16,-0.08669827561561583,-0.4574852617554006,0.19849680504141065,0.5146174322984095,0.4169078085644116,0.3123471601360861,0.12347148707740196,0.010190845782470408,0.029718642899919587,0.0042290800120860705,0.06014263289908054,0.05026251147756872,0.011172259390512047,0.027237383799637357
controlled_graph_physics,hidden_constraint,raw,32,-0.0973063709424585,-0.46050137789518447,0.20253983064790398,0.5120629653780131,0.41555266490185394,0.3103540772238968,0.13014874504145454,0.007033216290511192,0.018428538586281223,0.00714837911412239,0.046998475958874374,0.03617821905507762,0.009745288787660481,0.019566775051854852
controlled_graph_physics,hidden_constraint,raw,64,-0.08619391062962577,-0.46115395697961836,0.20376608385480618,0.5128083491128961,0.41368758586767534,0.3111195284078975,0.138731738051104,0.005502739144140685,0.01610813442783344,0.00897380938255657,0.04762931869909508,0.0367308942214773,0.010136907487799753,0.015152055483281539
controlled_graph_physics,long_horizon,combined_repair,1,-0.3258108647074111,-0.35496345324329176,0.34128744515638526,0.01793003759425242,0.006615765991788751,0.18282340744507758,0.0,0.010844647669156708,0.009911999534645189,0.010732378165816773,0.0033966747237363266,0.0025025741905127558,0.008055774796138648,0.0
controlled_graph_physics,long_horizon,combined_repair,2,-0.2944056248495998,-0.32877296558908126,0.3076604605824575,0.03512368551973103,0.014400010883413535,0.2194824684207892,0.0,0.010691817922817749,0.010093756180630204,0.012612974983454033,0.012586301584103845,0.006270409904898479,0.023565272019521435,0.0
controlled_graph_physics,long_horizon,combined_repair,4,-0.297361383617431,-0.3299392475567767,0.3148361346581614,0.02108460273758296,0.00580947839492419,0.21030844192403494,0.0,0.011376880995521883,0.009675393093351217,0.011372002505418158,0.005685437339110955,0.002904833051692673,0.016191549266239613,0.0
controlled_graph_physics,long_horizon,combined_repair,8,-0.2890167174205513,-0.3267557077624639,0.30047940151932395,0.050769600699372704,0.0196524993082819,0.2330821200224517,0.0028580327002475647,0.007174472986343633,0.006017810915313243,0.011875768545611074,0.023976663665367468,0.008713989473677672,0.01730602745736649,0.0019419090681276681
controlled_graph_physics,long_horizon,combined_repair,16,-0.27203667565862,-0.311086545783332,0.2889729416325485,0.040983855697345,0.014145797579779846,0.22309613740209258,0.002532216270415083,0.008981430039628523,0.009596595452115875,0.009526448297245723,0.010139535957183709,0.0066113226191959066,0.021920956863107882,0.0017110700724331416
controlled_graph_physics,long_horizon,combined_repair,32,-0.2521782706765964,-0.2863255394743527,0.26576260020265197,0.04431612081085648,0.011993945867780187,0.19543824563398723,0.0,0.0036159803940709005,0.003101552496438167,0.004122016548907432,0.006015259277304257,0.003049664086020774,0.006930867443172324,0.0
controlled_graph_physics,long_horizon,combined_repair,64,-0.23693545335188831,-0.27236309852341717,0.24620629153074836,0.060588653056418015,0.017820287551117496,0.2113935635268016,5.1700749630720355e-05,0.008582062949313013,0.008281793878283589,0.014190354775724483,0.01658719843402748,0.008745249239615878,0.0102944010107685,5.1700749630720355e-05
controlled_graph_physics,long_horizon,constraint_probe,1,-0.3139568892397618,-0.35496345324329176,0.34128744515638526,0.01793003759425242,0.006615765991788751,0.18282340744507758,0.0,0.011586803567234016,0.009911999534645189,0.010732378165816773,0.0033966747237363266,0.0025025741905127558,0.008055774796138648,0.0
controlled_graph_physics,long_horizon,constraint_probe,2,-0.2776583029920923,-0.32877296558908126,0.3076604605824575,0.03512368551973103,0.014400010883413535,0.2194824684207892,0.0,0.012742646031172936,0.010093756180630204,0.012612974983454033,0.012586301584103845,0.006270409904898479,0.023565272019521435,0.0
controlled_graph_physics,long_horizon,constraint_probe,4,-0.2835966743210867,-0.33113253180191976,0.315202203553848,0.02480616520526295,0.0063262274773273584,0.21098029109049005,0.0011932842451430545,0.012790649967153513,0.009753181192461697,0.011415368097938963,0.005247527684264084,0.002817274721737338,0.015850097890522656,0.0007895213429916216
controlled_graph_physics,long_horizon,constraint_probe,8,-0.2682194938358764,-0.3267557077624639,0.30047940151932395,0.050769600699372704,0.0196524993082819,0.2330821200224517,0.0028580327002475647,0.012177109502930862,0.006017810915313243,0.011875768545611074,0.023976663665367468,0.008713989473677672,0.01730602745736649,0.0019419090681276681
controlled_graph_physics,long_horizon,constraint_probe,16,-0.2529052199466741,-0.31011103541528334,0.2872610787227949,0.04304641305218215,0.015542115380810193,0.22002456901385248,0.001556705902366444,0.00971582012211666,0.008923707813181948,0.008070730155286289,0.009361170320015039,0.006377269949800365,0.022172708148376616,0.0010662318434918794
controlled_graph_physics,long_horizon,constraint_probe,32,-0.23318025742874787,-0.2863255394743527,0.26576260020265197,0.04431612081085648,0.011993945867780187,0.19543824563398723,0.0,0.004384463096297077,0.003101552496438167,0.004122016548907432,0.006015259277304257,0.003049664086020774,0.006930867443172324,0.0
controlled_graph_physics,long_horizon,constraint_probe,64,-0.21412153989666033,-0.27236309852341717,0.24620629153074836,0.060588653056418015,0.017820287551117496,0.2113935635268016,5.1700749630720355e-05,0.011281421577642992,0.008281793878283589,0.014190354775724483,0.01658719843402748,0.008745249239615878,0.0102944010107685,5.1700749630720355e-05
controlled_graph_physics,long_horizon,graph_energy_calibrated,1,-0.3097956832241052,-0.35496345324329176,0.34128744515638526,0.01793003759425242,0.006615765991788751,0.18282340744507758,0.0,0.011526342297511809,0.009911999534645189,0.010732378165816773,0.0033966747237363266,0.0025025741905127558,0.008055774796138648,0.0
controlled_graph_physics,long_horizon,graph_energy_calibrated,2,-0.27249589976307487,-0.32877296558908126,0.3076604605824575,0.03512368551973103,0.014400010883413535,0.2194824684207892,0.0,0.012648525126414558,0.010093756180630204,0.012612974983454033,0.012586301584103845,0.006270409904898479,0.023565272019521435,0.0
controlled_graph_physics,long_horizon,graph_energy_calibrated,4,-0.2786069434045446,-0.3327283306837402,0.3135052297536992,0.029286998522211276,0.011637708608972036,0.22218832908862401,0.002789083126963472,0.012482066008469848,0.011496672146556636,0.010662275126162827,0.007632416648775263,0.005824091884599659,0.015044915026322414,0.002789083126963472
controlled_graph_physics,long_horizon,graph_energy_calibrated,8,-0.2634912139056429,-0.3267557077624639,0.30047940151932395,0.050769600699372704,0.0196524993082819,0.2330821200224517,0.0028580327002475647,0.011484809150177954,0.006017810915313243,0.011875768545611074,0.023976663665367468,0.008713989473677672,0.01730602745736649,0.0019419090681276681
controlled_graph_physics,long_horizon,graph_energy_calibrated,16,-0.2487869261977016,-0.31011103541528334,0.2872610787227949,0.04304641305218215,0.015542115380810193,0.22002456901385248,0.001556705902366444,0.009506645263302957,0.008923707813181948,0.008070730155286289,0.009361170320015039,0.006377269949800365,0.022172708148376616,0.0010662318434918794
controlled_graph_physics,long_horizon,graph_energy_calibrated,32,-0.23164126093603826,-0.2863255394743527,0.26576260020265197,0.04431612081085648,0.011993945867780187,0.19543824563398723,0.0,0.004260666875749604,0.003101552496438167,0.004122016548907432,0.006015259277304257,0.003049664086020774,0.006930867443172324,0.0
controlled_graph_physics,long_horizon,graph_energy_calibrated,64,-0.21235849624889677,-0.2753146472651711,0.24738702418627162,0.06292387207037951,0.019357570113984625,0.2291189156263271,0.003003249491384634,0.011755235201077241,0.009134749169325404,0.014458302432955603,0.016243949526004497,0.008442180688477704,0.01877019144466889,0.0029446075661935436
controlled_graph_physics,long_horizon,oracle,1,-0.35496345324329176,-0.35496345324329176,0.34128744515638526,0.01793003759425242,0.006615765991788751,0.18282340744507758,0.0,0.009911999534645189,0.009911999534645189,0.010732378165816773,0.0033966747237363266,0.0025025741905127558,0.008055774796138648,0.0
controlled_graph_physics,long_horizon,oracle,2,-0.32877296558908126,-0.32877296558908126,0.3076604605824575,0.03512368551973103,0.014400010883413535,0.2194824684207892,0.0,0.010093756180630204,0.010093756180630204,0.012612974983454033,0.012586301584103845,0.006270409904898479,0.023565272019521435,0.0
controlled_graph_physics,long_horizon,oracle,4,-0.3299392475567767,-0.3299392475567767,0.3148361346581614,0.02108460273758296,0.00580947839492419,0.21030844192403494,0.0,0.009675393093351217,0.009675393093351217,0.011372002505418158,0.005685437339110955,0.002904833051692673,0.016191549266239613,0.0
controlled_graph_physics,long_horizon,oracle,8,-0.3238976750622163,-0.3238976750622163,0.3095223934158946,0.02084699715850611,0.006324807136930198,0.19051305150128792,0.0,0.005277220377089785,0.005277220377089785,0.005343521473586437,0.003397494982020032,0.0018930458226357955,0.010062905326200598,0.0
controlled_graph_physics,long_horizon,oracle,16,-0.3085543295129169,-0.3085543295129169,0.29096699839061907,0.03154219100224072,0.008472052976464622,0.2052551089137365,0.0,0.008318649974242068,0.008318649974242068,0.009061501592890273,0.0094594911694084,0.0049675201061724975,0.02456099435898349,0.0
controlled_graph_physics,long_horizon,oracle,32,-0.2863255394743527,-0.2863255394743527,0.26576260020265197,0.04431612081085648,0.011993945867780187,0.19543824563398723,0.0,0.003101552496438167,0.003101552496438167,0.004122016548907432,0.006015259277304257,0.003049664086020774,0.006930867443172324,0.0
controlled_graph_physics,long_horizon,oracle,64,-0.27231139777378643,-0.27231139777378643,0.24600286480135994,0.06118639088687413,0.01825516941432732,0.20887098575419955,0.0,0.008255810009559885,0.008255810009559885,0.014102149421398806,0.016383340252082625,0.008638358229279343,0.011553066998514057,0.0
controlled_graph_physics,long_horizon,random,1,-0.29612880421086585,-0.35496345324329176,0.34128744515638526,0.01793003759425242,0.006615765991788751,0.18282340744507758,0.0,0.012204590393908072,0.009911999534645189,0.010732378165816773,0.0033966747237363266,0.0025025741905127558,0.008055774796138648,0.0
controlled_graph_physics,long_horizon,random,2,-0.2801956993023088,-0.3467089991817389,0.32906816834639885,0.02367023900591509,0.010016901325043051,0.2210444683917088,0.017936033592657677,0.012719000431462776,0.010827161695634363,0.009979619525383473,0.006130526927906093,0.003479576750581552,0.02349304773984885,0.011546943435864276
controlled_graph_physics,long_horizon,random,4,-0.2916599223474349,-0.3554143123712583,0.3383281612408441,0.022342906563260573,0.010419976630856146,0.2099443376501917,0.025475064814481578,0.01314282478965089,0.0131686864328163,0.011784473826768584,0.007408643673005968,0.005376519337012258,0.013898307180715217,0.009849852640038601
controlled_graph_physics,long_horizon,random,8,-0.3206770755950024,-0.38062430211542553,0.36413394402109617,0.02123404293192582,0.010740944565183444,0.19786539655110444,0.05672662705320926,0.018473694975573416,0.01989298081600888,0.018546559759478314,0.003738288581722533,0.0031896465725719863,0.016828867234798994,0.019440445594467327
controlled_graph_physics,long_horizon,random,16,-0.2838704043362311,-0.35368129062070336,0.3338413618002368,0.02927945306583474,0.013484921707419613,0.21991326364531846,0.04512696110778647,0.014853547742610492,0.013316018456996597,0.012874040348651547,0.004646060471609478,0.0038071232279936447,0.013746036977614139,0.013112938200251898
controlled_graph_physics,long_horizon,random,32,-0.30781738462805086,-0.3724585759567068,0.35794649649354077,0.016534123941761465,0.005319561419395518,0.21759979286488665,0.0861330364823541,0.015901532963988534,0.01881405589261207,0.01741165319976116,0.003498680229122135,0.0016065647345437817,0.024484706926112723,0.019079833890734883
controlled_graph_physics,long_horizon,random,64,-0.29255116156050937,-0.3553183995725024,0.3373494534514794,0.02651944947311345,0.012412266970562537,0.1974455574845666,0.08300700179871594,0.00510547303350134,0.007275421445286558,0.0059017872810302385,0.004559752781238466,0.0028878127738851786,0.01779679292506899,0.008973893872049755
controlled_graph_physics,long_horizon,raw,1,-0.29612880421086585,-0.35496345324329176,0.34128744515638526,0.01793003759425242,0.006615765991788751,0.18282340744507758,0.0,0.012204590393908072,0.009911999534645189,0.010732378165816773,0.0033966747237363266,0.0025025741905127558,0.008055774796138648,0.0
controlled_graph_physics,long_horizon,raw,2,-0.25323230648750844,-0.32877296558908126,0.3076604605824575,0.03512368551973103,0.014400010883413535,0.2194824684207892,0.0,0.015288186326007714,0.010093756180630204,0.012612974983454033,0.012586301584103845,0.006270409904898479,0.023565272019521435,0.0
controlled_graph_physics,long_horizon,raw,4,-0.259504559579112,-0.3339216149288832,0.31387129864938573,0.033008560989891265,0.012154457691375204,0.22286017825507912,0.003982367372106527,0.013114725842727165,0.011521018917272901,0.01071501281004937,0.006689132701953226,0.00570600850392772,0.014598916989935628,0.002729729514948368
controlled_graph_physics,long_horizon,raw,8,-0.23907994040350602,-0.32760179311240184,0.300782997834704,0.052724014916529685,0.019798868443659624,0.23691987106723975,0.0037041180501855425,0.01803274488171312,0.006353417969323448,0.011973258665251844,0.02363636234567477,0.008684588628280593,0.01715319109309755,0.0019483260046638824
controlled_graph_physics,long_horizon,raw,16,-0.22678397867846017,-0.31011103541528334,0.2872610787227949,0.04304641305218215,0.015542115380810193,0.22002456901385248,0.001556705902366444,0.011128278073526171,0.008923707813181948,0.008070730155286289,0.009361170320015039,0.006377269949800365,0.022172708148376616,0.0010662318434918794
controlled_graph_physics,long_horizon,raw,32,-0.2082886008896637,-0.2898387424184362,0.26539714709830536,0.05379494458187053,0.016493754806438655,0.20892977361156656,0.0035132029440835405,0.005280841535806719,0.003675871048149361,0.004150028717173621,0.00872864501259617,0.004507366892350895,0.009033322524586582,0.0035132029440835405
controlled_graph_physics,long_horizon,raw,64,-0.18342999584271463,-0.2790285144481859,0.24561579615069448,0.07369920249762074,0.028571051495258973,0.23284746254935737,0.006717116674399455,0.014965171340138257,0.00992367456166056,0.014430549548427712,0.018183657186374016,0.011954859898743349,0.01779923618659953,0.004390530764315278
controlled_graph_physics,raw,combined_repair,1,-1.5814011392700418,-1.7311374942346485,0.40199286737063245,2.867061639279799,2.1711980604012737,0.5255004671722516,0.0,0.6342102732141152,0.6851368779043229,0.0654081439384688,1.3596917009545075,1.0269612713300778,0.09195108367734092,0.0
controlled_graph_physics,raw,combined_repair,2,-0.8080719428020324,-0.9079428503060448,0.3806320128373396,1.1349667442736295,0.8457111252452201,0.3530848786508593,0.0,0.22404264223038373,0.22511617259899203,0.016267569654479473,0.47711981668581094,0.34771337079950154,0.07018309684366474,0.0
controlled_graph_physics,raw,combined_repair,4,-0.5158245949679918,-0.6206953321041672,0.3550755931848279,0.5426847379469681,0.42605591398376114,0.28063054209238963,0.0016098350579148435,0.12356710956755046,0.12398112230891169,0.017195075970143407,0.2655321186892695,0.19931500018160123,0.04507583011760077,0.0016098350579148435
controlled_graph_physics,raw,combined_repair,8,-0.3815299192949264,-0.4850490085879866,0.32802790447031915,0.3029945686348604,0.2489367395723836,0.25459210450800474,0.0014954452836545007,0.03208569699914877,0.033395785801333046,0.009405122274035432,0.076930203869673,0.05859300932627216,0.017401654070124298,0.001450369030084751
controlled_graph_physics,raw,combined_repair,16,-0.32081784134917124,-0.42379853711607296,0.3384868690038253,0.1611144849132012,0.1285101795656469,0.20920845545629285,0.005304540444576719,0.006308525156358832,0.006000652538752487,0.012115488607725523,0.03154687165710331,0.027107735682780715,0.014354204017153819,0.002520351452328112
controlled_graph_physics,raw,combined_repair,32,-0.31345968712000516,-0.42030370468105516,0.33014163497307464,0.16875934576143065,0.13639423803576675,0.22148492338227987,0.006323058957380896,0.006039381310161396,0.006809586754616645,0.004861365939476346,0.01985869920394136,0.01673468905250324,0.008781313408255317,0.003567134036854158
controlled_graph_physics,raw,combined_repair,64,-0.3025967492178436,-0.40819384117004914,0.33414289172358447,0.13867475111686967,0.10903135766503508,0.20757243952004154,0.003885486463759587,0.005196978176162341,0.0071959849534440935,0.0077615187288448805,0.01640355307618452,0.013636751467479433,0.0066395449473832715,0.0023653679897429345
controlled_graph_physics,raw,constraint_probe,1,-1.0888950185377804,-1.7311374942346485,0.40199286737063245,2.867061639279799,2.1711980604012737,0.5255004671722516,0.0,0.40043447424777284,0.6851368779043229,0.0654081439384688,1.3596917009545075,1.0269612713300778,0.09195108367734092,0.0
controlled_graph_physics,raw,constraint_probe,2,-0.6032815199780021,-0.9079428503060448,0.3806320128373396,1.1349667442736295,0.8457111252452201,0.3530848786508593,0.0,0.14745975051518764,0.22511617259899203,0.016267569654479473,0.47711981668581094,0.34771337079950154,0.07018309684366474,0.0
controlled_graph_physics,raw,constraint_probe,4,-0.40290208366891545,-0.6278557929922012,0.34230425288259714,0.5842784891303217,0.45833713022370254,0.29590002358907985,0.00877029594594883,0.08330929510887496,0.12272375385952303,0.017905914046465285,0.25854321310663975,0.19366942213284433,0.04325496580801454,0.007111279384214938
controlled_graph_physics,raw,constraint_probe,8,-0.31002428484305455,-0.4919013472993038,0.32286058265893136,0.3309259237153114,0.267220968083416,0.26392087318645324,0.00834778399497172,0.021664261222928423,0.034002998534989344,0.008314228290557779,0.0778142627560613,0.059073913138952876,0.018782578555359156,0.008302263656091555
controlled_graph_physics,raw,constraint_probe,16,-0.26781506766938434,-0.42894909153759425,0.3335707133997034,0.18154007859642804,0.14499317789840618,0.21743613737964418,0.01045509486609801,0.008413052195407784,0.0073171470610645965,0.011871975365545805,0.0326129523418085,0.02834490218672856,0.014711909344468211,0.005441905992114161
controlled_graph_physics,raw,constraint_probe,32,-0.25794392266791843,-0.42615111767887337,0.323377385387674,0.1939276251181959,0.15717528090184354,0.23215450490153444,0.012170471955199144,0.005846307961474572,0.006921644112932265,0.004948636437888907,0.02010260152905504,0.0174097331117419,0.007229020338914649,0.00602932966850782
controlled_graph_physics,raw,constraint_probe,64,-0.24752575203126082,-0.42206156347859675,0.31667552794714193,0.2031378247344826,0.16036339620923604,0.22982797894078982,0.017753208772307162,0.005014147985333345,0.011990816032207951,0.007094056585634857,0.03537505280798607,0.028016178261209206,0.012545044873256774,0.010326812380863342
controlled_graph_physics,raw,graph_energy_calibrated,1,-0.7320385094349424,-1.7311374942346485,0.40199286737063245,2.867061639279799,2.1711980604012737,0.5255004671722516,0.0,0.24567180602133193,0.6851368779043229,0.0654081439384688,1.3596917009545075,1.0269612713300778,0.09195108367734092,0.0
controlled_graph_physics,raw,graph_energy_calibrated,2,-0.44895152566273905,-0.932385967911024,0.36877072962158597,1.2063351484488496,0.9063403586660482,0.38064165906362885,0.024443117604979213,0.09586477185269444,0.2186454123680947,0.01817895066112741,0.45791035030253696,0.331702383276863,0.06255107409180743,0.01998383217337626
controlled_graph_physics,raw,graph_energy_calibrated,4,-0.3026898214923741,-0.6622920892307164,0.3188917960769414,0.7032896263121855,0.5544346351155824,0.32543211663884714,0.04320659218446403,0.053929900832984025,0.12006368389733131,0.01623045595549753,0.24650311411783826,0.1855598526336925,0.03996725405167623,0.022154957055036336
controlled_graph_physics,raw,graph_energy_calibrated,8,-0.2462901277809628,-0.5472011013775822,0.2938669490854968,0.5085186020392687,0.4058192218659827,0.30448176529042426,0.06364753807325003,0.014025659685126915,0.03405871926583746,0.009889871655834083,0.07709877237678942,0.059545386769731395,0.01661641218789768,0.02010546000988589
controlled_graph_physics,raw,graph_energy_calibrated,16,-0.2268927410034546,-0.44922850507091755,0.32210832448656135,0.24052940839238937,0.1990542078545143,0.24454075951807433,0.03073450839942131,0.007154522095269476,0.012058647239802803,0.0064403807285715224,0.024222867675218723,0.02109484536109283,0.007647437435932972,0.012723580739718193
controlled_graph_physics,raw,graph_energy_calibrated,32,-0.2142162165502451,-0.4955491654558122,0.3020763898457433,0.37621944159849985,0.3096678275100354,0.27793804945322365,0.08156851973213793,0.006484160910662876,0.020771128501507377,0.006171610565720379,0.042856205938363125,0.03931021774491558,0.007968479685902849,0.02157920986450801
controlled_graph_physics,raw,graph_energy_calibrated,64,-0.2017123010622972,-0.46562179897892464,0.28222379448580537,0.3642131166068301,0.2888265922262654,0.2773674415062874,0.06131344427263508,0.004058055673519706,0.014079370837030404,0.007156391615038505,0.04321070140962378,0.033296885595227095,0.011808910814277233,0.012670526605118845
controlled_graph_physics,raw,oracle,1,-1.7311374942346485,-1.7311374942346485,0.40199286737063245,2.867061639279799,2.1711980604012737,0.5255004671722516,0.0,0.6851368779043229,0.6851368779043229,0.0654081439384688,1.3596917009545075,1.0269612713300778,0.09195108367734092,0.0
controlled_graph_physics,raw,oracle,2,-0.9079428503060448,-0.9079428503060448,0.3806320128373396,1.1349667442736295,0.8457111252452201,0.3530848786508593,0.0,0.22511617259899203,0.22511617259899203,0.016267569654479473,0.47711981668581094,0.34771337079950154,0.07018309684366474,0.0
controlled_graph_physics,raw,oracle,4,-0.6190854970462524,-0.6190854970462524,0.35505542055991157,0.5418213204671662,0.4226608408188383,0.27779860649438326,0.0,0.12240010914190012,0.12240010914190012,0.017189313910452426,0.2647028812839055,0.19607358161707122,0.04260182087981356,0.0
controlled_graph_physics,raw,oracle,8,-0.4835535633043321,-0.4835535633043321,0.3377326095176427,0.2821994494310129,0.23008723685194937,0.24300043345482364,0.0,0.03345359764944962,0.03345359764944962,0.01299698478674664,0.08252392600559565,0.06381607795093704,0.021188989748397922,0.0
controlled_graph_physics,raw,oracle,16,-0.4184939966714962,-0.4184939966714962,0.359901085879382,0.10824097239105104,0.08402851854986143,0.18896073278000236,0.0,0.0061824145991494365,0.0061824145991494365,0.010069893662561563,0.024582288802737922,0.021905496992698396,0.01210594233743956,0.0
controlled_graph_physics,raw,oracle,32,-0.41398064572367427,-0.41398064572367427,0.3364887645308957,0.14487382272277008,0.11507007511579097,0.20966089471059704,0.0,0.006125862517105019,0.006125862517105019,0.007941788982552545,0.023581779275731952,0.019812328861919932,0.012628719297769413,0.0
controlled_graph_physics,raw,oracle,64,-0.40430835470628956,-0.40430835470628956,0.3402211556525421,0.1197607963464633,0.09215949635054133,0.199628179146717,0.0,0.006460546509503926,0.006460546509503926,0.007559597453687679,0.016208643762674363,0.01443695167116269,0.007218024985245456,0.0
controlled_graph_physics,raw,random,1,-0.4274180545249198,-1.7311374942346485,0.40199286737063245,2.867061639279799,2.1711980604012737,0.5255004671722516,0.0,0.10844976138746869,0.6851368779043229,0.0654081439384688,1.3596917009545075,1.0269612713300778,0.09195108367734092,0.0
controlled_graph_physics,raw,random,2,-0.46811786524849164,-1.6651936313622084,0.42830124896224064,2.674515362254097,2.0156593115888595,0.5080620648812647,0.7572507810561636,0.07339409845618025,0.410603706455865,0.028736363486729144,0.849188071106857,0.6272503081601286,0.09300156271763829,0.32218477005249596
controlled_graph_physics,raw,random,4,-0.28927997461514093,-0.8099055627846246,0.3421047235525202,0.9751928926241631,0.7590451312867672,0.3498305602310902,0.19082006573837224,0.03923284163633122,0.16535969366741887,0.023077401388518295,0.3329910303458302,0.2585377100750453,0.04635322122683717,0.13728711489430784
controlled_graph_physics,raw,random,8,-0.4506705109744705,-1.8201359476039949,0.4118042432272351,3.0236848504675464,2.3082697400145897,0.5403762154724943,1.3365823842996627,0.11139448846026657,0.6679165621647569,0.05978993015633223,1.3528675306200293,0.9976278956444035,0.09219190053848762,0.6453128078638055
controlled_graph_physics,raw,random,16,-0.2627816496056085,-0.6843964391543019,0.34809611215954356,0.681335298299019,0.5487253432784103,0.29519545307411826,0.26590244248280576,0.029029907843333754,0.135782525995227,0.020529479077530905,0.27911927364554456,0.2210263556039885,0.04762982049720492,0.13544667325341117
controlled_graph_physics,raw,random,32,-0.33891359347422234,-1.0925038425028168,0.36335539164416286,1.5412278132693533,1.1902492315142965,0.40788445433292997,0.6785231967791426,0.06484333610824154,0.30223940292436896,0.032263814140962375,0.6041622478291638,0.4464394709666446,0.06738168398399516,0.30116356557287627
controlled_graph_physics,raw,random,64,-0.4254419602271071,-1.8421229196534443,0.41686165579062945,3.0765494615663473,2.332056754203058,0.5224714638445952,1.4378145649471548,0.14059013925251512,0.9116082155170772,0.07677191304444095,1.8118088202330642,1.3856217096290657,0.12790310797162951,0.9092004807402864
controlled_graph_physics,raw,raw,1,-0.4274180545249198,-1.7311374942346485,0.40199286737063245,2.867061639279799,2.1711980604012737,0.5255004671722516,0.0,0.10844976138746869,0.6851368779043229,0.0654081439384688,1.3596917009545075,1.0269612713300778,0.09195108367734092,0.0
controlled_graph_physics,raw,raw,2,-0.30992152679643703,-0.932385967911024,0.36877072962158597,1.2063351484488496,0.9063403586660482,0.38064165906362885,0.024443117604979213,0.04380788542959348,0.2186454123680947,0.01817895066112741,0.45791035030253696,0.331702383276863,0.06255107409180743,0.01998383217337626
controlled_graph_physics,raw,raw,4,-0.2224110336002016,-0.7422856057563725,0.2927821748893279,0.9355859024799433,0.7259422354274567,0.3709381034121219,0.12320010871012012,0.030473841398337545,0.1104676907246205,0.015341283407612191,0.21708976366790675,0.16107793047894864,0.02902651460554844,0.047912093792301706
controlled_graph_physics,raw,raw,8,-0.18972005556522362,-0.5706729333181286,0.29443897837607313,0.5574376247750498,0.44290387426194977,0.31803164479749135,0.08711937001379651,0.01127159856197722,0.029737726962228827,0.009865563265856149,0.06860260141320858,0.054103051252895475,0.013048049246057958,0.022985232165181103
controlled_graph_physics,raw,raw,16,-0.18993747819614923,-0.5136748516170002,0.30551951277553285,0.41315362668725375,0.33153281265223133,0.2833991474919235,0.09518085494550399,0.0062887054723765315,0.03288152239390652,0.0071535704844430305,0.0804234500362552,0.06043156148283141,0.01772128970086361,0.03550379536987899
controlled_graph_physics,raw,raw,32,-0.16396726814659845,-0.5486550500226652,0.26909248146459513,0.5636835757957136,0.44912074844967165,0.3159134341196431,0.134674404298991,0.008635658837700094,0.030053383234882745,0.009921682628458165,0.08250344827757991,0.061204571487641864,0.015819959924571345,0.030231736723052814
controlled_graph_physics,raw,raw,64,-0.14978283803429523,-0.5215355692011518,0.26263080388017235,0.5383677415817635,0.406726813973327,0.31427709373999546,0.11722721449486226,0.00787327890380068,0.035248851651098506,0.010859144956540001,0.1071580879671081,0.06985710592207667,0.019580196357505884,0.03518085540203485
